{
  "version": "6",
  "dialect": "sqlite",
  "id": "050876c6-1496-4eb3-9d42-ecda20bcd6ce",
  "prevId": "00000000-0000-0000-0000-000000000000",
  "tables": {
    "Auth": {
      "name": "Auth",
      "columns": {
        "id": {
          "name": "id",
          "type": "integer",
          "primaryKey": true,
          "notNull": true,
          "autoincrement": true
        },
        "origin": {
          "name": "origin",
          "type": "text",
          "primaryKey": false,
          "notNull": true,
          "autoincrement": false
        },
        "username": {
          "name": "username",
          "type": "text",
          "primaryKey": false,
          "notNull": true,
          "autoincrement": false
        },
        "password": {
          "name": "password",
          "type": "text",
          "primaryKey": false,
          "notNull": true,
          "autoincrement": false
        }
      },
      "indexes": {},
      "foreignKeys": {},
      "compositePrimaryKeys": {},
      "uniqueConstraints": {},
      "checkConstraints": {}
    },
    "RetroarchCore": {
      "name": "RetroarchCore",
      "columns": {
        "id": {
          "name": "id",
          "type": "integer",
          "primaryKey": true,
          "notNull": true,
          "autoincrement": true
        },
        "fileName": {
          "name": "fileName",
          "type": "text",
          "primaryKey": false,
          "notNull": true,
          "autoincrement": false
        },
        "downloaded": {
          "name": "downloaded",
          "type": "integer",
          "primaryKey": false,
          "notNull": true,
          "autoincrement": false
        },
        "retroarchSystemId": {
          "name": "retroarchSystemId",
          "type": "integer",
          "primaryKey": false,
          "notNull": true,
          "autoincrement": false
        }
      },
      "indexes": {
        "RetroarchCore_fileName_unique": {
          "name": "RetroarchCore_fileName_unique",
          "columns": [
            "fileName"
          ],
          "isUnique": true
        }
      },
      "foreignKeys": {
        "RetroarchCore_retroarchSystemId_RetroarchSystem_id_fk": {
          "name": "RetroarchCore_retroarchSystemId_RetroarchSystem_id_fk",
          "tableFrom": "RetroarchCore",
          "tableTo": "RetroarchSystem",
          "columnsFrom": [
            "retroarchSystemId"
          ],
          "columnsTo": [
            "id"
          ],
          "onDelete": "restrict",
          "onUpdate": "cascade"
        }
      },
      "compositePrimaryKeys": {},
      "uniqueConstraints": {},
      "checkConstraints": {}
    },
    "RetroarchRom": {
      "name": "RetroarchRom",
      "columns": {
        "id": {
          "name": "id",
          "type": "integer",
          "primaryKey": true,
          "notNull": true,
          "autoincrement": true
        },
        "retroarchPath": {
          "name": "retroarchPath",
          "type": "text",
          "primaryKey": false,
          "notNull": false,
          "autoincrement": false
        },
        "syncing": {
          "name": "syncing",
          "type": "integer",
          "primaryKey": false,
          "notNull": true,
          "autoincrement": false,
          "default": false
        },
        "rommRomId": {
          "name": "rommRomId",
          "type": "integer",
          "primaryKey": false,
          "notNull": true,
          "autoincrement": false
        },
        "rommFileId": {
          "name": "rommFileId",
          "type": "integer",
          "primaryKey": false,
          "notNull": false,
          "autoincrement": false
        },
        "targetCoreId": {
          "name": "targetCoreId",
          "type": "integer",
          "primaryKey": false,
          "notNull": false,
          "autoincrement": false
        }
      },
      "indexes": {
        "RetroarchRom_retroarchPath_unique": {
          "name": "RetroarchRom_retroarchPath_unique",
          "columns": [
            "retroarchPath"
          ],
          "isUnique": true
        },
        "RetroarchRom_rommRomId_unique": {
          "name": "RetroarchRom_rommRomId_unique",
          "columns": [
            "rommRomId"
          ],
          "isUnique": true
        }
      },
      "foreignKeys": {
        "RetroarchRom_targetCoreId_RetroarchCore_id_fk": {
          "name": "RetroarchRom_targetCoreId_RetroarchCore_id_fk",
          "tableFrom": "RetroarchRom",
          "tableTo": "RetroarchCore",
          "columnsFrom": [
            "targetCoreId"
          ],
          "columnsTo": [
            "id"
          ],
          "onDelete": "set null",
          "onUpdate": "cascade"
        }
      },
      "compositePrimaryKeys": {},
      "uniqueConstraints": {},
      "checkConstraints": {}
    },
    "RetroarchSystem": {
      "name": "RetroarchSystem",
      "columns": {
        "id": {
          "name": "id",
          "type": "integer",
          "primaryKey": true,
          "notNull": true,
          "autoincrement": true
        },
        "systemId": {
          "name": "systemId",
          "type": "text",
          "primaryKey": false,
          "notNull": true,
          "autoincrement": false
        },
        "rommSlug": {
          "name": "rommSlug",
          "type": "text",
          "primaryKey": false,
          "notNull": true,
          "autoincrement": false
        },
        "rommSystemId": {
          "name": "rommSystemId",
          "type": "integer",
          "primaryKey": false,
          "notNull": false,
          "autoincrement": false
        }
      },
      "indexes": {
        "RetroarchSystem_rommSystemId_unique": {
          "name": "RetroarchSystem_rommSystemId_unique",
          "columns": [
            "rommSystemId"
          ],
          "isUnique": true
        }
      },
      "foreignKeys": {},
      "compositePrimaryKeys": {},
      "uniqueConstraints": {},
      "checkConstraints": {}
    }
  },
  "views": {},
  "enums": {},
  "_meta": {
    "schemas": {},
    "tables": {},
    "columns": {}
  },
  "internal": {
    "indexes": {}
  }
}